logged_at,match,league,pick,entry_odds,pinnacle_close,clv_pct,gb_fair_odds,result
2026-04-19T16:38:51+01:00,Brentford v Fulham,Premier League,Brentford,2.16,,6.93,,TBD
2026-04-19T16:38:51+01:00,Newcastle v Bournemouth,Premier League,Bournemouth,3.6,,15.38,,W
2026-04-19T16:38:51+01:00,Spurs v Brighton,Premier League,Brighton,2.56,,13.27,,L
2026-04-19T16:38:51+01:00,Chelsea v Man Utd,Premier League,Man Utd,3.2,,-6.82,,W
2026-04-19T16:38:51+01:00,Villa v Sunderland,Premier League,Villa,1.69,,-3.43,,W
2026-04-19T16:38:51+01:00,Forest v Burnley,Premier League,Forest,1.55,,3.33,,W
2026-04-19T16:38:51+01:00,Everton v Liverpool,Premier League,Liverpool,2.22,,-5.53,,W
2026-04-19T16:38:51+01:00,City v Arsenal,Premier League,City,1.94,,3.74,,W
2026-04-19T16:38:51+01:00,Palace v West Ham,Premier League,Palace,2.3,,-12.88,,TBD
2026-04-19T16:38:51+01:00,Leeds v Wolves,Premier League,Leeds,1.61,,-5.23,,W
2026-04-19T16:38:51+01:00,Lens v Toulouse,Ligue 1,Lens,1.59,,3.25,,W
2026-04-19T16:38:51+01:00,Lorient v Marseille,Ligue 1,Marseille,1.77,,6.63,,L
2026-04-19T16:38:51+01:00,Angers v Le Havre,Ligue 1,Angers,2.86,,-17.0,,D
2026-04-19T16:38:51+01:00,Lille v Nice,Ligue 1,Lille,1.6,,5.37,,L
2026-04-19T16:38:51+01:00,Monaco v Auxerre,Ligue 1,Monaco,1.58,,0.0,,L
2026-04-19T16:38:51+01:00,Nantes v Brest,Ligue 1,Nantes,2.48,,0.4,,D
2026-04-19T16:38:51+01:00,Metz v Paris FC,Ligue 1,Paris FC,2.16,,-6.49,,L
2026-04-19T16:38:51+01:00,Strasbourg v Rennes,Ligue 1,Rennes,2.66,,45.36,,W
2026-04-21T23:46:53+01:00,PSG v Lyon,Ligue 1,PSG,1.34,,0.0,,L
2026-04-19T16:38:51+01:00,Brighton v Chelsea,Premier League,Brighton,2.44,,4.72,,W
2026-04-19T16:38:51+01:00,Bournemouth v Leeds,Premier League,Bournemouth,2.02,,9.19,,D
2026-04-19T16:38:51+01:00,Sunderland v Forest,Premier League,Forest,2.52,2.73,-7.69,,W
2026-08-25T14:00:33+01:00,Alaves v Getafe,La Liga,Getafe,3.83,,-2.3,3.12,
2026-04-19T16:38:51+01:00,Mallorca v Valencia,La Liga,Mallorca,2.56,,-7.25,,D
2026-04-19T16:38:51+01:00,Bilbao v Osasuna,La Liga,Bilbao,1.79,,-3.76,,W
2026-04-19T16:38:51+01:00,Girona v Betis,La Liga,Girona,2.69,,8.91,,L
2026-04-19T16:38:51+01:00,Elche v Atletico,La Liga,Elche,2.57,,5.76,,W
2026-04-19T16:38:51+01:00,Levante v Sevilla,La Liga,Levante,2.61,,4.82,,W
2026-04-19T16:38:51+01:00,Rayo v Espanyol,La Liga,Rayo,2.2,,1.38,,W
2026-04-19T16:38:51+01:00,Oviedo v Villarreal,La Liga,Villarreal,1.75,1.93,-9.33,,D
2026-04-19T16:38:51+01:00,Man Utd v Brentford,Premier League,Man Utd,1.83,2.01,-8.96,,W
2026-04-25T03:50:30+01:00,Real Sociedad v Getafe,La Liga,Real Sociedad,2.18,2.32,-6.03,,L
2026-04-28T02:11:27+01:00,West Ham v Everton,Premier League,West Ham,2.44,2.55,-4.31,,W
2026-04-28T02:11:27+01:00,Alaves v Mallorca,La Liga,Alaves,2.15,2.1,2.38,,W
2026-04-28T02:11:27+01:00,Lyon v Auxerre,Ligue 1,Lyon,1.68,1.66,1.2,,W
2026-04-28T02:11:27+01:00,Fulham v Villa,Premier League,Villa,2.75,2.81,-2.14,,L
2026-04-28T02:11:27+01:00,Wolves v Tottenham,Premier League,Tottenham,1.74,1.64,6.1,,W
2026-04-28T02:11:27+01:00,Liverpool v Crystal Palace,Premier League,Palace,6.64,5.6,18.57,,L
2026-04-28T02:11:27+01:00,Arsenal v Newcastle,Premier League,Arsenal,1.49,1.4,6.43,,TBD
2026-04-28T02:11:27+01:00,Valencia v Girona,La Liga,Valencia,1.925,2.37,-18.78,,TBD
2026-04-28T02:11:27+01:00,Toulouse v Monaco,Ligue 1,Monaco,2.08,1.71,21.64,,D
2026-04-28T02:11:27+01:00,Atletico v Athletic Bilbao,La Liga,Atletico,2.15,1.93,11.4,,W
2026-04-28T02:11:27+01:00,Osasuna v Sevilla,La Liga,Osasuna,2.15,1.94,10.82,,W
2026-04-28T02:11:27+01:00,Villarreal v Celta,La Liga,Villarreal,1.99,1.91,4.19,,W
2026-04-28T02:11:27+01:00,Oviedo v Elche,La Liga,Oviedo,2.34,2.36,-0.85,,L
2026-04-28T02:11:27+01:00,Lorient v Strasbourg,Ligue 1,Lorient,2.26,2.17,4.15,,L
2026-04-28T02:11:27+01:00,Paris FC v Lille,Ligue 1,Lille,1.943,1.76,10.4,,W
2026-04-28T02:11:27+01:00,Le Havre v Metz,Ligue 1,Le Havre,1.649,1.61,2.42,,L
2026-04-28T02:11:27+01:00,Rennes v Nantes,Ligue 1,Rennes,1.416,1.48,-4.32,,W
2026-04-28T02:11:27+01:00,Marseille v Nice,Ligue 1,Marseille,1.454,1.74,-16.44,,L
2026-04-28T02:11:27+01:00,Rayo v Real Sociedad,La Liga,Real Sociedad,3.19,2.69,18.59,,TBD
2026-04-28T02:11:27+01:00,Espanyol v Levante,La Liga,Levante,4.12,3.69,11.65,,L
2026-04-28T22:35:16+01:00,Arsenal v Fulham,Premier League,Fulham,7.85,7.75,1.29,,L
2026-04-28T22:35:16+01:00,Brentford v West Ham,Premier League,Brentford,1.99,1.89,5.29,,W
2026-04-28T22:35:16+01:00,Wolves v Sunderland,Premier League,Sunderland,2.34,2.06,13.59,,D
2026-04-28T22:35:16+01:00,Newcastle v Brighton,Premier League,Brighton,2.66,2.51,5.98,,L
2026-04-28T22:35:16+01:00,Bournemouth v Crystal Palace,Premier League,Bournemouth,1.65,1.58,4.43,,W
2026-04-28T22:35:16+01:00,Man Utd v Liverpool,Premier League,Man Utd,2.41,2.42,-0.41,,W
2026-04-28T22:35:16+01:00,Aston Villa v Tottenham,Premier League,Aston Villa,2.2,2.29,-3.93,,L
2026-04-28T22:35:16+01:00,Chelsea v Nottm Forest,Premier League,Chelsea,1.714,1.43,19.86,,TBD
2026-04-28T22:35:16+01:00,Everton v Man City,Premier League,Man City,1.458,1.45,0.55,,D
2026-04-28T22:35:16+01:00,Girona v Mallorca,La Liga,Mallorca,3.86,4.18,-7.66,,W
2026-04-28T22:35:16+01:00,Villarreal v Levante,La Liga,Villarreal,1.709,1.93,-11.45,,W
2026-04-28T22:35:16+01:00,Valencia v Atletico,La Liga,Valencia,1.961,1.71,14.68,,TBD
2026-04-28T22:35:16+01:00,Alaves v Athletic Bilbao,La Liga,Alaves,2.71,2.87,-5.57,,L
2026-04-28T22:35:16+01:00,Celta v Elche,La Liga,Elche,4.46,4.78,-6.69,,L
2026-04-28T22:35:16+01:00,Osasuna v Barcelona,La Liga,Barcelona,1.833,1.68,9.11,,W
2026-04-28T22:35:16+01:00,Real Betis v Real Oviedo,La Liga,Real Oviedo,5.83,6.17,-5.51,,TBD
2026-04-28T22:35:16+01:00,Espanyol v Real Madrid,La Liga,Real Madrid,1.64,1.8,-8.89,,W
2026-04-28T22:35:16+01:00,Getafe v Rayo Vallecano,La Liga,Rayo Vallecano,4.08,4.38,-6.85,,W
2026-04-28T22:35:16+01:00,Sevilla v Real Sociedad,La Liga,Real Sociedad,2.85,3.17,-10.09,,L
2026-04-28T22:35:16+01:00,Metz v Monaco,Ligue 1,Monaco,1.413,1.35,4.67,,W
2026-04-28T22:35:16+01:00,Nice v Lens,Ligue 1,Lens,1.769,1.74,1.67,,D
2026-04-28T22:35:16+01:00,Lille v Le Havre,Ligue 1,Lille,1.406,1.37,2.63,,D
2026-04-28T22:35:16+01:00,Strasbourg v Toulouse,Ligue 1,Toulouse,2.83,2.35,20.43,,W
2026-04-28T22:35:16+01:00,Auxerre v Angers,Ligue 1,Auxerre,1.74,1.81,-3.87,,W
2026-04-28T22:35:16+01:00,Paris FC v Brest,Ligue 1,Paris FC,2.04,1.91,6.81,,W
2026-05-02T15:14:58+01:00,Leeds v Burnley,Premier League,Leeds,1.44,1.42,1.41,,W
2026-04-28T22:35:16+01:00,Lyon v Rennes,Ligue 1,Lyon,2.22,2.09,6.22,,W
2026-05-25T20:10:57+01:00,Brighton v Man Utd,Premier League,Man Utd,3.51,3.49,0.57,,W
2026-05-24T16:08:07+01:00,Atletico v Villarreal,La Liga,Atletico,2.74,2.58,6.2,,L
2026-05-06T00:29:50+01:00,Lens v Nantes,Ligue 1,Lens,1.39,1.47,-5.44,,W
2026-05-06T00:29:50+01:00,Rennes v Paris FC,Ligue 1,Rennes,1.476,1.57,-5.99,,W
2026-05-06T00:29:50+01:00,Monaco v Lille,Ligue 1,Monaco,2.3,2.7,-14.81,,L
2026-05-06T00:29:50+01:00,Le Havre v Marseille,Ligue 1,Le Havre,3.54,3.88,-8.76,,L
2026-05-06T00:29:50+01:00,PSG v Brest,Ligue 1,PSG,1.142,1.19,-4.03,,W
2026-05-06T00:29:50+01:00,Angers v Strasbourg,Ligue 1,Angers,3.31,2.77,19.49,,D
2026-05-06T00:29:50+01:00,Auxerre v Nice,Ligue 1,Auxerre,2.42,2.35,2.98,,W
2026-05-06T00:29:50+01:00,Metz v Lorient,Ligue 1,Lorient,2.13,2.39,-10.88,,L
2026-05-06T00:29:50+01:00,Toulouse v Lyon,Ligue 1,Lyon,1.75,1.9,-7.89,,L
2026-05-08T10:09:14+01:00,Brighton v Wolves,Premier League,Brighton,1.28,1.27,0.79,,W
2026-05-06T00:29:50+01:00,Liverpool v Chelsea,Premier League,Liverpool,1.869,2.06,-9.27,,D
2026-05-06T00:29:50+01:00,Fulham v Bournemouth,Premier League,Bournemouth,2.45,2.5,-2.0,,W
2026-05-06T00:29:50+01:00,Sunderland v Man Utd,Premier League,Man Utd,1.93,2.1,-8.1,,D
2026-05-06T00:29:50+01:00,Man City v Brentford,Premier League,Man City,1.346,1.35,-0.3,,W
2026-05-06T00:41:34+01:00,Burnley v Villa,Premier League,Villa,1.591,1.52,4.67,,D
2026-05-06T00:29:50+01:00,Forest v Newcastle,Premier League,Newcastle,2.61,2.17,20.28,,D
2026-05-06T00:29:50+01:00,Palace v Everton,Premier League,Everton,2.71,2.66,1.88,,D
2026-05-06T00:29:50+01:00,West Ham v Arsenal,Premier League,Arsenal,1.649,1.57,5.03,,TBD
2026-05-06T00:29:50+01:00,Levante v Osasuna,La Liga,Levante,2.63,2.55,3.14,,W
2026-05-06T00:29:50+01:00,Elche v Alaves,La Liga,Alaves,3.3,3.45,-4.35,,D
2026-05-06T00:29:50+01:00,Sevilla v Espanyol,La Liga,Sevilla,2.1,2.01,4.48,,W
2026-05-06T00:29:50+01:00,Atletico v Celta,La Liga,Atletico,2.12,1.86,13.98,,L
2026-05-06T00:29:50+01:00,Sociedad v Betis,La Liga,Sociedad,2.48,2.53,-1.98,,D
2026-05-06T00:29:50+01:00,Mallorca v Villarreal,La Liga,Mallorca,2.38,2.53,-5.93,,D
2026-05-06T00:29:50+01:00,Bilbao v Valencia,La Liga,Bilbao,1.751,1.67,4.85,,L
2026-05-06T00:29:50+01:00,Oviedo v Getafe,La Liga,Oviedo,3.16,2.79,13.26,,D
2026-05-06T00:29:50+01:00,Barca v Real Madrid,La Liga,Barca,1.84,1.66,10.84,,W
2026-05-06T00:29:50+01:00,Rayo v Girona,La Liga,Girona,3.04,3.43,-11.37,,D
2026-06-03T00:01:58+01:00,Osasuna v Atletico Madrid,La Liga,Atletico,2.84,2.68,5.97,,L
2026-05-11T19:50:25+01:00,Alaves v Barcelona,La Liga,Barcelona,2.19,,-2.74,,L
2026-05-11T19:50:25+01:00,Espanyol v Athletic Bilbao,La Liga,Bilbao,2.81,2.98,-5.71,,L
2026-05-12T18:11:32+01:00,Villarreal v Sevilla,La Liga,Villarreal,2.07,2.19,-5.48,,L
2026-05-11T19:50:25+01:00,Lens v PSG,Ligue 1,PSG,2.01,2.09,-3.83,,W
2026-05-12T17:48:21+01:00,Aston Villa v Liverpool,Premier League,Aston Villa,2.98,,8.76,,W
2026-05-12T17:48:21+01:00,Man Utd v Nottingham Forest,Premier League,Forest,4.98,,-13.39,,L
2026-05-12T17:48:21+01:00,Brentford v Crystal Palace,Premier League,Palace,4.15,,-9.19,,L
2026-05-12T17:48:21+01:00,Everton v Sunderland,Premier League,Sunderland,4.23,,0.47,,W
2026-05-12T17:48:21+01:00,Leeds v Brighton,Premier League,Brighton,2.2,,5.77,,L
2026-05-12T17:48:21+01:00,Wolves v Fulham,Premier League,Fulham,1.91,,2.14,,L
2026-05-12T17:48:21+01:00,Newcastle v West Ham,Premier League,Newcastle,2.09,,-0.48,,W
2026-05-12T17:58:30+01:00,Atletico v Girona,La Liga,Atletico,1.84,,2.22,,W
2026-05-12T17:58:30+01:00,Barcelona v Betis,La Liga,Barcelona,1.38,,3.76,,W
2026-05-12T17:58:30+01:00,Elche v Getafe,La Liga,Elche,2.32,,-0.43,,W
2026-05-12T17:58:30+01:00,Levante v Mallorca,La Liga,Levante,2.16,,1.41,,W
2026-05-12T17:58:30+01:00,Osasuna v Espanyol,La Liga,Osasuna,1.99,,-10.76,,L
2026-05-12T17:58:30+01:00,Rayo v Villarreal,La Liga,Villarreal,2.82,,-27.13,,L
2026-05-12T17:58:30+01:00,Real Oviedo v Alaves,La Liga,Oviedo,4.3,,8.86,,L
2026-05-12T17:58:30+01:00,Sociedad v Valencia,La Liga,Sociedad,2.04,,-17.07,,L
2026-05-12T17:58:30+01:00,Sevilla v Real Madrid,La Liga,Real Madrid,2.21,,10.5,,W
2026-05-12T17:30:51+01:00,Strasbourg v Monaco,Ligue 1,Monaco,2.26,,14.14,,W
2026-05-12T17:30:51+01:00,Lyon v Lens,Ligue 1,Lyon,1.78,,9.8,,L
2026-05-12T17:30:51+01:00,Marseille v Rennes,Ligue 1,Rennes,3.46,,-6.74,,L
2026-05-12T17:30:51+01:00,Nice v Metz,Ligue 1,Nice,1.35,,6.3,,W
2026-05-12T17:30:51+01:00,Lorient v Le Havre,Ligue 1,Lorient,2.53,,7.2,,W
2026-05-12T17:30:51+01:00,Paris FC v PSG,Ligue 1,Paris FC,6.24,,0.48,,W
2026-05-12T17:30:51+01:00,Lille v Auxerre,Ligue 1,Lille,1.43,,-1.38,,L
2026-05-12T17:30:51+01:00,Nantes v Toulouse,Ligue 1,Toulouse,2.61,,4.82,,VOID
2026-05-12T17:30:51+01:00,Brest v Angers,Ligue 1,Angers,4.28,,5.68,,L
2026-05-23T19:54:35+01:00,Getafe v Osasuna,La Liga,Osasuna,3.49,3.17,10.09,,L
2026-05-23T16:15:40+01:00,Espanyol v Sociedad,La Liga,Espanyol,2.53,2.51,0.8,,D
2026-05-23T19:54:35+01:00,Alaves v Rayo,La Liga,Alaves,2.4,2.15,11.63,,L
2026-05-23T19:55:23+01:00,Valencia v Barcelona,La Liga,Barcelona,1.9,1.96,-3.0,,L
2026-05-23T19:54:35+01:00,Mallorca v Oviedo,La Liga,Mallorca,1.46,1.47,-0.68,,W
2026-05-23T19:51:24+01:00,Celta v Sevilla,La Liga,Sevilla,4.93,4.82,2.28,,L
2026-05-23T19:54:35+01:00,Betis v Levante,La Liga,Levante,3.03,3.07,-1.3,,L
2026-05-23T19:51:24+01:00,Girona v Elche,La Liga,Elche,4.34,4.49,-3.34,,D
2026-06-03T00:01:58+01:00,Villarreal v Atletico Madrid,La Liga,Atletico Madrid,2.74,2.58,6.2,,L
2026-05-25T20:10:57+01:00,Fulham v Newcastle,Premier League,Newcastle,2.29,2.64,-13.26,,L
2026-06-03T00:01:58+01:00,Brighton v Man United,Premier League,Man United,3.51,3.49,0.57,,W
2026-05-20T00:11:02+01:00,West Ham v Leeds,Premier League,West Ham,1.94,1.74,11.49,,W
2026-05-25T20:10:57+01:00,Sunderland v Chelsea,Premier League,Sunderland,3.63,3.47,4.61,,W
2026-05-25T20:10:57+01:00,Nottm Forest v Bournemouth,Premier League,Bournemouth,2.16,1.97,9.64,,D
2026-05-20T00:11:02+01:00,Tottenham v Everton,Premier League,Everton,1.92,1.96,-2.04,,W
2026-05-25T20:10:57+01:00,Liverpool v Brentford,Premier League,Brentford,4.11,4.25,-3.29,,D
2026-05-25T20:10:57+01:00,Burnley v Wolves,Premier League,Burnley,2.47,2.43,1.65,,D
2026-06-08T03:05:27+01:00,Morocco v Brazil,World Cup,Morocco,6.07,5.7,6.49,,TBD
2026-06-08T03:05:27+01:00,Cape Verde v Spain,World Cup,Cape Verde,28.85,25.0,15.4,,TBD
2026-06-08T03:05:27+01:00,Saudi Arabia v Uruguay,World Cup,Saudi Arabia,7.29,8.0,-8.88,,TBD
2026-07-22T20:21:49+01:00,Qatar v Switzerland,World Cup,Switzerland,1.23,1.2,2.5,,TBD
2026-07-22T20:21:49+01:00,Haiti v Scotland,World Cup,Scotland,1.5,1.56,-3.85,,TBD
2026-07-22T20:21:49+01:00,Australia v Turkey,World Cup,Turkey,1.72,1.72,0.03,,TBD
2026-07-22T20:21:49+01:00,Netherlands v Japan,World Cup,Netherlands,2.03,2.04,-0.49,,TBD
2026-07-22T20:21:49+01:00,Ivory Coast v Ecuador,World Cup,Ecuador,2.44,2.56,-4.69,,TBD
2026-07-22T20:21:49+01:00,Sweden v Tunisia,World Cup,Sweden,1.92,1.86,3.23,,TBD
2026-07-22T20:21:49+01:00,Belgium v Egypt,World Cup,Belgium,1.67,1.53,9.15,,TBD
2026-07-22T20:24:58+01:00,England v Croatia,World Cup,England,1.72,1.66,3.59,,TBD
2026-07-22T20:24:58+01:00,Ghana v Panama,World Cup,Panama,3.43,3.32,3.31,,TBD
2026-07-22T20:24:58+01:00,Uzbekistan v Colombia,World Cup,Uzbekistan,9.19,10.0,-8.1,,TBD
2026-07-22T20:24:58+01:00,Czech v South Africa,World Cup,South Africa,4.67,4.6,1.52,,TBD
2026-07-22T20:24:58+01:00,Switzerland v Bosnia,World Cup,Switzerland,1.54,1.51,1.91,,TBD
2026-07-22T20:24:58+01:00,Canada v Qatar,World Cup,Canada,1.27,1.27,0.0,,TBD
2026-07-22T20:24:58+01:00,Mexico v South Korea,World Cup,Korea,4.04,4.15,-2.65,,TBD
2026-07-22T20:24:58+01:00,USA v Australia,World Cup,Australia,5.43,5.53,-1.8,,TBD
2026-07-22T20:24:58+01:00,Scotland v Morocco,World Cup,Morocco,1.95,1.68,16.07,,TBD
2026-07-22T20:24:58+01:00,Brazil v Haiti,World Cup,Haiti,22.15,19.0,16.58,,TBD
2026-07-22T20:24:58+01:00,Turkey v Paraguay,World Cup,Turkey,2.21,2.1,5.24,,TBD
2026-07-22T20:24:58+01:00,Netherlands v Sweden,World Cup,Sweden,4.8,4.91,-2.24,,TBD
2026-07-22T20:24:58+01:00,Colombia v DR Congo,World Cup,DR Congo,6.96,7.5,-7.2,,TBD
2026-07-22T20:24:58+01:00,Switzerland v Canada,World Cup,Switzerland,2.5,2.6,-3.85,,TBD
2026-07-22T20:24:58+01:00,South Africa v Korea,World Cup,South Korea,1.66,1.68,-1.19,,TBD
2026-07-22T20:24:58+01:00,Curacao v Ivory Coast,World Cup,Curacao,17.2,15.0,14.67,,TBD
2026-07-22T20:24:58+01:00,Ecuador v Germany,World Cup,Ecuador,4.39,4.5,-2.44,,TBD
2026-07-22T20:24:58+01:00,Japan v Sweden,World Cup,Japan,2.12,2.06,2.91,,TBD
2026-07-22T20:24:58+01:00,Turkey v USA,World Cup,USA,2.39,1.8,32.8,,L
2026-07-22T20:24:58+01:00,Cape Verde v Saudi Arabia,World Cup,Cape Verde,2.37,2.58,-8.14,,TBD
2026-07-22T20:24:58+01:00,Egypt v Iran,World Cup,Iran,3.89,3.42,13.74,,TBD
2026-07-22T20:24:58+01:00,Croatia v Ghana,World Cup,Ghana,5.87,5.73,2.44,,TBD
2026-07-22T20:24:58+01:00,Colombia v Portugal,World Cup,Portugal,2.02,1.83,10.38,,TBD
2026-07-22T20:24:58+01:00,DR Congo v Uzbekistan,World Cup,DR Congo,3.09,1.68,83.93,,W
2026-07-22T20:24:58+01:00,Algeria v Austria,World Cup,Algeria,3.72,3.67,1.36,,TBD
2026-07-22T20:24:58+01:00,South Africa v Canada,World Cup,Canada,1.72,1.87,-8.02,,TBD
2026-07-22T20:24:58+01:00,Brazil v Japan,World Cup,Japan,5.11,5.3,-3.58,,TBD
2026-07-22T20:24:58+01:00,Germany v Paraguay,World Cup,Germany,1.42,1.34,5.97,,TBD
2026-07-22T20:24:58+01:00,Netherlands v Morocco,World Cup,Morocco,3.69,3.37,9.5,,TBD
2026-07-22T20:24:58+01:00,Norway v Ivory Coast,World Cup,Ivory Coast,4.12,3.67,12.26,,TBD
2026-07-22T20:24:58+01:00,Mexico v Ecuador,World Cup,Ecuador,3.93,4.11,-4.38,,TBD
2026-07-22T20:24:58+01:00,Belgium v Senegal,World Cup,Senegal,4.27,3.84,11.2,,TBD
2026-07-22T20:42:28+01:00,Mexico v England,World Cup,England,2.34,2.55,-8.24,,W
2026-07-22T20:42:28+01:00,USA v Belgium,World Cup,Belgium,2.82,2.66,6.02,,EXITED
2026-07-22T20:42:28+01:00,Spain v Portugal,World Cup,Portugal,4.17,4.0,4.25,,L
2026-07-22T20:42:28+01:00,Switzerland v Colombia,World Cup,Switzerland,3.63,3.7,-1.9,,TBD
2026-07-22T20:42:28+01:00,France v Morocco,World Cup,Morocco,6.58,6.9,-4.64,,TBD
2026-07-22T20:42:28+01:00,Spain v Belgium,World Cup,Belgium,5.7,5.7,0.0,,TBD
2026-07-22T20:42:28+01:00,Norway v England,World Cup,Norway,4.17,4.24,-1.65,,L
2026-07-22T20:42:28+01:00,Argentina v Switzerland,World Cup,Switzerland,5.52,6.19,-10.86,,L
2026-07-22T20:42:28+01:00,France v Spain,World Cup,France,2.44,2.65,-7.92,,L
2026-07-22T20:42:28+01:00,England v Argentina,World Cup,Argentina,3.13,3.13,0.0,,W
2026-07-22T20:42:28+01:00,Spain v Argentina,World Cup,Argentina,3.91,3.78,3.44,,L
2026-07-22T20:48:26+01:00,France v England,World Cup,France,2.01,1.74,15.52,,L
2026-08-15T13:38:02+01:00,Preston v Bolton,Championship,Preston,3.28,3.07,6.84,,L
2026-08-15T14:58:47+01:00,Bristol City v Millwall,Championship,Millwall,2.72,2.72,0.0,,W
2026-08-15T14:58:47+01:00,Charlton Athletic v Derby County,Championship,Derby County,2.7,2.81,-3.91,,L
2026-08-15T20:29:55+01:00,Sevilla v Rayo Vallecano,La Liga,Rayo Vallecano,3.31,3.1,6.77,,L
2026-08-16T14:18:48+01:00,Portsmouth v QPR,Championship,QPR,3.07,3.22,-4.66,,W
2026-08-16T14:19:46+01:00,Watford v Southampton,Championship,Southampton,2.31,2.02,14.36,,TBD
2026-08-16T16:27:31+01:00,Racing Santander v Villarreal,La Liga,Villarreal,2.35,1.96,19.9,,D
2026-08-16T16:27:31+01:00,Burnley v West Ham,Championship,West Ham,2.4,2.34,2.56,,D
2026-08-16T23:49:32+01:00,Stoke City v Swansea City,Championship,Swansea City,3.01,,1.69,,Exited early -- Burgess (CB) injury
2026-08-17T21:18:53+01:00,Cardiff City v Wrexham,Championship,Wrexham,2.94,2.81,4.63,,
2026-08-17T22:45:56+01:00,Wrexham v Watford,Championship,Watford,3.92,3.89,0.77,,D
2026-08-17T23:30:11+01:00,Everton v Crystal Palace,Premier League,Crystal Palace,3.41,3.23,5.57,,L
2026-08-22T15:05:15+01:00,Nott'm Forest v Leeds,Premier League,Leeds,3.26,3.08,5.84,2.89,W
2026-08-22T15:05:15+01:00,Ipswich v Sunderland,Premier League,Ipswich,2.74,2.93,-6.48,2.69,W
2026-08-22T12:44:53+01:00,Millwall v Norwich City,Championship,Millwall,2.23,2.77,-19.49,2.0,W
2026-08-22T12:44:53+01:00,Birmingham City v Bristol City,Championship,Bristol City,4.33,4.84,-10.54,3.97,D
2026-08-22T13:44:06+01:00,Swansea City v Sheffield United,Championship,Swansea City,2.59,2.57,0.78,2.1,D
2026-08-22T14:31:53+01:00,Queens Park Rangers v Bolton Wanderers,Championship,QPR,1.99,1.9,4.74,1.8,D
2026-08-22T14:46:37+01:00,Manchester City v Bournemouth,Premier League,Bournemouth,5.91,6.4,-7.66,5.0,L
2026-08-22T14:51:34+01:00,Derby County v Cardiff City,Championship,Derby County,1.99,2.21,-9.95,1.86,D
2026-08-22T14:56:28+01:00,Preston North End v Wolverhampton Wanderers,Championship,Preston North End,4.41,3.8,16.05,4.2,L
2026-08-22T15:01:56+01:00,Blackburn Rovers v Middlesbrough,Championship,Middlesbrough,2.12,1.97,7.61,1.88,L
2026-08-22T15:52:40+01:00,Athletic v Sevilla,La Liga,Sevilla,5.07,4.99,1.6,4.77,W
2026-08-22T18:25:31+01:00,Valencia v Celta,La Liga,Celta,3.53,3.16,11.71,2.73,TBD
2026-08-22T18:39:46+01:00,Toulouse FC v OL,Ligue 1,Toulouse FC,3.39,2.26,50.0,3.0,L
2026-08-22T20:29:28+01:00,Troyes v Paris FC,Ligue 1,Paris FC,2.5,2.15,16.28,2.1,D
2026-08-22T20:32:07+01:00,Le Mans v Brest,Ligue 1,Brest,2.75,2.92,-5.82,2.7,D
2026-08-23T16:12:03+01:00,Havre AC v AS Monaco,Ligue 1,AS Monaco,2.01,2.0,0.5,1.67,W
2026-08-23T13:55:34+01:00,Getafe v Racing Santander,La Liga,Racing Santander,5.05,3.53,43.06,4.46,TBD
2026-08-23T20:39:44+01:00,PSG v Rennes,Ligue 1,Rennes,6.6,6.5,1.54,5.0,D
2026-08-17T23:30:11+01:00,Arsenal v Coventry City,Premier League,Coventry City,16.05,16.0,0.31,,L
2026-08-21T22:05:47+01:00,Betis v Sociedad,La Liga,Sociedad,3.7,3.4,8.82,,L
2026-08-17T23:30:11+01:00,Newcastle United v Liverpool,Premier League,Liverpool,2.07,1.93,7.25,,D
2026-08-17T23:30:11+01:00,Brighton and Hove Albion v Aston Villa,Premier League,Brighton,2.26,2.13,6.1,,W
2026-08-17T23:30:11+01:00,Fulham v Chelsea,Premier League,Chelsea,2.17,2.05,5.85,,W
2026-08-21T16:17:58+01:00,OM v Strasbourg,Ligue 1,Strasbourg,4.67,4.58,1.97,,L
2026-08-24T13:53:29+01:00,Strasbourg v RC Lens,Ligue 1,RC Lens,2.18,,14.74,1.8,
2026-08-24T13:53:29+01:00,AJ Auxerre v Angers SCO,Ligue 1,Angers SCO,4.38,,25.5,4.0,
2026-08-24T13:53:29+01:00,Brest v Toulouse FC,Ligue 1,Toulouse FC,2.75,,-2.83,2.5,
2026-08-24T13:53:29+01:00,Paris FC v OGC Nice,Ligue 1,Paris FC,2.15,,8.59,2.07,
2026-08-24T13:53:29+01:00,AS Monaco v OM,Ligue 1,OM,2.56,,-13.1,2.31,
2026-08-24T18:18:24+01:00,Bournemouth v Everton,Premier League,Bournemouth,2.11,,-5.8,1.98,
2026-08-24T18:18:24+01:00,Coventry v Hull,Premier League,Coventry,2.0,,15.61,1.92,
2026-08-24T18:18:24+01:00,Spurs v Newcastle,Premier League,Newcastle,3.34,,5.03,3.0,
2026-08-24T18:18:24+01:00,Chelsea v Brighton,Premier League,Brighton,3.61,,-8.82,3.0,
2026-08-24T18:18:24+01:00,Sunderland v Fulham,Premier League,Sunderland,2.62,,15.42,2.38,
2026-08-24T18:18:24+01:00,Leeds v Brentford,Premier League,Brentford,2.96,,16.08,2.02,
2026-08-24T18:26:25+01:00,Derby County v Swansea City,Championship,Swansea City,3.61,,17.59,3.1,
2026-08-24T18:26:25+01:00,Middlesbrough v West Bromwich Albion,Championship,West Bromwich Albion,4.59,,-2.34,3.96,
2026-08-24T18:26:25+01:00,Charlton Athletic v Preston North End,Championship,Charlton Athletic,2.32,2.13,8.92,2.14,TBD
2026-08-24T18:26:25+01:00,Southampton v Millwall,Championship,Millwall,4.22,3.69,14.36,3.0,TBD
2026-08-24T18:18:24+01:00,Celta v Osasuna,La Liga,Celta,2.07,1.9,11.89,1.86,
2026-08-24T18:26:25+01:00,Wrexham v Birmingham City,Championship,Wrexham,2.59,2.22,16.67,2.21,L
2026-08-24T18:18:24+01:00,Alaves v Villarreal,La Liga,Villarreal,2.38,2.35,1.28,2.0,L
2026-09-02T23:20:32+01:00,West Bromwich Albion v Charlton Athletic,Championship,Charlton Athletic,4.67,5.25,-11.05,4.22,L
2026-09-02T23:20:32+01:00,Burnley v Middlesbrough,Championship,Middlesbrough,2.78,2.12,31.13,2.44,L
2026-09-02T23:31:07+01:00,Alaves vs Getafe,La Liga,Getafe,3.83,3.92,-2.3,3.12,TBD
2026-09-02T23:31:07+01:00,Sevilla vs Rayo Vallecano,La Liga,Rayo Vallecano,3.31,3.1,6.77,2.76,TBD
2026-09-02T23:31:07+01:00,Racing Santander vs Villarreal,La Liga,Villarreal,2.35,1.96,19.9,2.05,TBD
2026-09-02T23:31:07+01:00,Betis vs Real Sociedad,La Liga,Real Sociedad,3.7,3.4,8.82,3.0,TBD
2026-09-02T23:31:07+01:00,Athletic vs Sevilla,La Liga,Sevilla,5.07,4.99,1.6,4.77,TBD
2026-09-02T23:31:07+01:00,Valencia vs Celta,La Liga,Celta,3.53,3.16,11.71,2.73,TBD
2026-09-02T23:31:07+01:00,Atletico Madrid vs Villarreal,La Liga,Villarreal,4.06,4.44,-8.6,3.07,TBD
2026-09-02T23:31:07+01:00,Getafe vs Racing Santander,La Liga,Racing Santander,5.05,3.53,43.06,4.46,TBD
2026-09-02T23:31:07+01:00,Valencia vs Betis,La Liga,Betis,2.7,2.73,-1.1,2.0,TBD
2026-09-02T23:31:07+01:00,Levante vs Betis,La Liga,Betis,2.27,2.34,-2.99,2.1,TBD
2026-09-02T23:31:07+01:00,Real Sociedad vs Espanyol,La Liga,Espanyol,4.12,4.13,-0.24,3.93,TBD
2026-09-02T23:31:07+01:00,Sevilla vs Atletico Madrid,La Liga,Atletico Madrid,2.09,1.96,6.63,1.88,TBD
2026-09-02T23:31:07+01:00,Le Mans FC v Brest,Ligue 1,Brest,2.75,2.92,-5.82,2.7,TBD
2026-09-02T23:31:07+01:00,Toulouse FC v LOSC,Ligue 1,LOSC,2.18,1.86,17.2,1.96,TBD
2026-09-02T23:31:07+01:00,Ipswich Town v Sunderland,Premier League,Ipswich Town,2.74,2.93,-6.48,2.69,TBD
2026-09-02T23:31:07+01:00,Nottingham Forest v Leeds United,Premier League,Leeds United,3.26,3.08,5.84,2.89,TBD
2026-09-02T23:31:07+01:00,Arsenal v Chelsea,Premier League,Chelsea,5.65,5.0,13.0,3.8,L
2026-09-02T23:31:07+01:00,Brentford v Sunderland,Premier League,Sunderland,5.59,5.04,10.91,4.1,L
2026-09-02T23:31:07+01:00,Brighton and Hove Albion v Leeds United,Premier League,Leeds United,4.24,3.74,13.37,3.92,L
2026-09-02T23:31:07+01:00,Bolton Wanderers v Preston North End,Championship,Preston North End,3.28,3.07,6.84,2.99,TBD
2026-09-02T23:31:07+01:00,Burnley v West Ham United,Championship,West Ham United,2.4,2.34,2.56,2.0,TBD
2026-09-02T23:31:07+01:00,Cardiff City v Sheffield United,Championship,Sheffield United,2.72,2.34,16.39,2.56,L
2026-09-02T23:31:07+01:00,Norwich City v Burnley,Championship,Burnley,2.93,3.48,-15.8,2.77,L
2026-09-02T23:31:07+01:00,Birmingham City v Southampton,Championship,Southampton,2.94,2.55,15.29,2.44,L
2026-09-02T23:31:07+01:00,Preston North End v Bristol City,Championship,Bristol City,2.92,2.59,12.74,2.69,W
2026-09-03T17:16:28+01:00,Sheffield United v Norwich City,Championship,Sheffield United,2.43,2.63,-7.61,2.21,L
2026-09-02T23:31:07+01:00,West Ham United v Wolverhampton Wanderers,Championship,Wolverhampton Wanderers,4.01,3.16,26.9,3.32,L
2026-09-02T23:31:07+01:00,Stoke City v Norwich City,Championship,Norwich City,2.4,2.2,9.09,1.97,L
2026-09-02T23:31:07+01:00,Millwall v Wrexham,Championship,Millwall,2.14,2.19,-2.28,1.99,TBD
2026-09-04T20:46:26+01:00,Real Betis v Real Madrid,La Liga,Real Madrid,1.64,1.49,10.07,1.4,L
2026-09-05T14:47:52+01:00,QPR v Middlesbrough,Championship,Middlesbrough,2.18,2.3,-5.22,1.8,W
2026-09-05T14:47:52+01:00,Blackburn Rovers v Preston North End,Championship,Blackburn Rovers,2.98,,-5.7,2.52,L
2026-09-03T17:16:28+01:00,Stoke City v Charlton Athletic,Championship,Charlton Athletic,3.59,,-12.22,2.97,L
2026-09-05T14:56:03+01:00,Burnley v Bristol City,Championship,Bristol City,4.02,3.6,11.67,3.76,W
2026-09-05T15:01:12+01:00,Real Sociedad v Atletico Madrid,La Liga,Atletico Madrid,2.43,2.15,13.02,,W
2026-09-05T22:56:03+01:00,Villarreal v Real Betis,La Liga,Real Betis,3.68,3.66,0.55,2.91,W
2026-09-05T23:39:51+01:00,Aston Villa v Nottingham Forest,Premier League,Nottingham Forest,3.74,3.33,12.31,3.23,TBD
2026-09-02T23:31:07+01:00,Everton v Manchester United,Premier League,Manchester United,2.4,1.95,23.08,1.83,D
2026-09-06T14:36:15+01:00,Strasbourg v Troyes,Ligue 1,Strasbourg,2.35,2.5,-6.0,,TBD
2026-05-20T00:11:02+01:00,Tottenham v Everton,Premier League,Everton,3.74,3.72,0.54,2.99,TBD
2026-09-06T18:52:49+01:00,Bournemouth v Brentford,Premier League,Brentford,2.68,2.85,-5.96,2.3,TBD
2026-09-06T18:52:49+01:00,Leeds United v Newcastle United,Premier League,Newcastle United,3.05,3.08,-0.97,2.57,L
2026-09-06T18:59:43+01:00,Brentford v Chelsea,Premier League,Chelsea,2.71,2.61,3.83,2.23,L
2026-09-02T23:31:07+01:00,OM v Paris FC,Ligue 1,Paris FC,5.1,3.89,31.11,3.36,W
2026-09-06T22:16:27+01:00,Paris FC v Lyon,Ligue 1,Paris FC,2.74,2.61,4.98,2.39,D
2026-09-06T22:39:02+01:00,Lorient v Toulouse,Ligue 1,FC Lorient,2.7,2.44,10.66,2.29,D
2026-09-06T22:39:02+01:00,Le Havre v Angers,Ligue 1,Angers SCO,3.41,2.74,24.45,2.57,D
2026-09-06T22:44:18+01:00,Fulham v Manchester United,Premier League,Manchester United,2.04,2.02,0.99,1.92,D
2026-09-07T19:21:41+01:00,Southampton v Swansea City,Championship,Swansea City,4.04,4.2,-3.81,3.52,TBD
2026-09-07T19:38:55+01:00,Racing Santander v Alaves,La Liga,Alaves,2.98,2.64,12.88,2.67,TBD
2026-09-08T21:30:08+01:00,Blackburn Rovers v Millwall,Championship,Millwall,2.42,2.89,-16.26,2.21,L
2026-09-08T21:31:44+01:00,Swansea City v Burnley,Championship,Swansea City,2.2,2.12,3.77,2.04,TBD
2026-09-09T18:55:44+01:00,Charlton Athletic v QPR,Championship,QPR,2.29,2.22,3.15,2.05,TBD
2026-09-09T19:02:28+01:00,Sheffield United v Wolverhampton Wanderers,Championship,Wolverhampton Wanderers,2.37,2.15,10.23,2.08,W
2026-09-13T16:11:10+01:00,Brighton and Hove Albion v Arsenal,Premier League,Arsenal,2.02,1.71,18.13,1.92,L
2026-09-13T16:11:10+01:00,Alaves v Valencia,La Liga,Alaves,2.15,1.7,26.47,1.89,L
2026-09-13T16:11:10+01:00,Wrexham v Southampton,Championship,Southampton,2.23,2.57,-13.23,1.87,L
2026-09-13T16:11:10+01:00,Burnley v Derby County,Championship,Derby County,4.3,4.36,-1.38,3.2,D
2026-09-13T16:11:10+01:00,Manchester United v Manchester City,Premier League,Manchester United,3.34,3.0,11.33,2.76,L
2026-09-13T16:11:10+01:00,Birmingham City v Middlesbrough,Championship,Middlesbrough,2.22,2.48,-10.48,1.77,D
2026-09-13T16:11:10+01:00,Toulouse v Le Havre,Ligue 1,Le Havre,4.29,4.78,-10.25,3.69,L
2026-09-13T16:11:10+01:00,AS Monaco v RC Lens,Ligue 1,AS Monaco,2.18,1.86,17.2,1.99,W
2026-09-13T22:49:50+01:00,Celta vs Racing Santander,La Liga,Racing Santander,4.05,4.35,-6.9,3.42,L
2026-09-14T13:39:49+01:00,Aston Villa v Brentford,Premier League,Brentford,2.68,2.68,0.0,2.27,D
2026-09-14T13:39:49+01:00,Ipswich Town v Fulham,Premier League,Ipswich Town,2.67,3.15,-15.24,2.5,W
2026-09-14T13:39:49+01:00,Sunderland v Brighton and Hove Albion,Premier League,Brighton and Hove Albion,2.49,2.42,2.89,2.24,W
2026-09-14T19:22:24+01:00,Tottenham v Aston Villa,Premier League,Aston Villa,3.8,4.0,-5.0,3.22,W
2026-09-15T00:08:08+01:00,Cardiff City v Charlton Athletic,Championship,Charlton Athletic,4.21,4.54,-7.27,3.82,L
2026-09-15T01:01:49+01:00,AJ Auxerre v Brest,Ligue 1,Brest,2.52,2.36,6.78,2.42,L
2026-09-16T00:40:44+01:00,Lincoln City v Swansea City,Championship,Swansea City,2.45,2.43,0.82,2.04,W
2026-09-16T22:56:52+01:00,Atletico Madrid v Real Madrid,La Liga,Real Madrid,1.92,2.02,-4.95,1.8,L
2026-04-28T22:35:16+01:00,Villarreal v Levante,La Liga,Levante,5.24,5.3,-1.13,5.18,TBD
2026-09-17T16:25:33+01:00,Malaga v Espanyol,La Liga,Espanyol,3.04,2.63,15.59,2.55,D
2026-09-17T16:25:33+01:00,Rayo v Athletic Bilbao,La Liga,Rayo,3.12,3.07,1.63,2.57,TBD
2026-09-17T17:02:40+01:00,Wolves v West Brom,Championship,West Brom,4.24,4.12,2.91,4.08,L
2026-09-17T17:08:44+01:00,Portsmouth v Blackburn Rovers,Championship,Blackburn Rovers,3.58,3.34,7.19,3.12,D
2026-09-19T15:06:59+01:00,Newcastle United v Hull City,Premier League,Hull City,5.83,5.45,6.97,3.96,L
2026-09-19T18:11:48+01:00,Le Mans v Lorient,Ligue 1,Le Mans,2.94,2.87,2.44,2.44,W
2026-09-19T22:40:47+01:00,RC Lens v Lyon,Ligue 1,Lyon,3.19,2.64,20.83,3.07,L
2026-09-20T12:30:30+01:00,Charlton v Bristol City,Championship,Bristol City,2.31,2.38,-2.94,2.05,D
2026-09-20T12:30:30+01:00,Preston v Millwall,Championship,Millwall,2.7,2.32,16.38,2.27,W
2026-09-20T12:30:30+01:00,Sheffield United v Lincoln City,Championship,Lincoln City,3.57,3.63,-1.65,2.26,L
2026-09-20T12:30:30+01:00,Blackburn Rovers v Cardiff City,Championship,Cardiff City,2.48,2.54,-2.36,2.2,L
2026-09-20T12:30:30+01:00,Derby County v Wrexham,Championship,Wrexham,2.67,2.56,4.3,2.26,D
2026-09-20T12:30:30+01:00,Watford v Burnley,Championship,Burnley,2.31,2.3,0.43,2.18,W
2026-09-20T14:08:15+01:00,Bournemouth v Liverpool,Premier League,Liverpool,2.19,2.2,-0.45,1.92,W
2026-09-20T22:56:57+01:00,Swansea City v Norwich,Championship,Swansea City,2.63,2.37,10.97,2.43,W
2026-09-20T22:56:57+01:00,West Brom v Birmingham City,Championship,Birmingham City,3.01,2.92,3.08,2.72,W
2026-09-20T22:56:57+01:00,Middlesboroug v Wolves,Championship,Wolves,3.21,2.97,8.08,2.59,L (Exited early -- Fer Lopez (key attacker) injury)
2026-09-27T18:23:20+01:00,Chelsea v Bournemouth,Premier League,Bournemouth,4.42,4.03,9.68,3.76,L
2026-10-02T00:43:39+01:00,Botafogo v Vasco,Brazil Serie A,Vasco,2.52,2.34,7.69,1.93,W
2026-10-08T17:23:56+01:00,Athletico-PR v Atletico-MG,Brazil Serie A,Atletico-MG,3.9,3.77,3.45,3.08,D
2026-10-10T12:42:48+01:00,Arsenal v Leeds United,Premier League,Leeds United,8.17,7.85,4.08,,L
